816.0,2.94,0.52,10.51,566.52,3.0
816.5,2.96,-0.53,10.93,566.57,3.0
862.5,2.15,41.31,37.99,340.19,3.0
863.0,2.13,42.02,45.14,286.38,3.0
863.5,2.07,45.2,48.54,260.01,3.0
864.0,1.93,52.44,48.75,253.97,3.0
864.5,1.74,61.86,46.79,256.3,3.0
865.0,1.59,69.91,44.72,259.95,3.0
865.5,1.49,74.96,44.03,263.1,3.0
866.0,1.45,77.2,45.53,264.73,3.0
866.5,1.43,77.75,47.63,265.2,3.0
867.0,1.44,77.26,48.38,267.29,3.0
867.5,1.47,75.88,47.72,272.22,3.0
868.0,1.52,73.23,47.35,277.86,3.0
868.5,1.6,69.32,48.19,279.38,3.0
869.0,1.69,64.67,50.0,274.85,3.0
869.5,1.78,60.19,51.5,265.87,3.0
870.0,1.84,56.78,51.66,254.73,3.0
2405.5,1.85,56.46,68.28,269.99,1.0
2406.0,1.81,58.3,68.39,268.1,1.0
2406.5,1.77,60.71,67.42,262.89,1.0
2407.0,1.73,62.32,65.45,260.67,1.0
2407.5,1.73,62.39,62.99,264.77,1.0
2408.0,1.75,61.33,60.81,272.76,1.0
2408.5,1.78,60.16,59.59,277.8,1.0
2409.0,1.79,59.79,60.94,278.17,1.0
2409.5,1.78,60.11,64.83,279.18,1.0
2410.0,1.77,60.46,70.6,286.36,1.0
2410.5,1.78,60.11,75.11,297.7,1.0
2411.0,1.8,58.8,76.52,305.08,1.0
2411.5,1.86,55.99,75.42,303.73,1.0
2412.0,1.95,51.12,74.08,296.39,1.0
2412.5,2.1,43.74,74.71,288.05,1.0
2413.0,2.28,34.51,76.74,281.71,1.0
2413.5,2.46,25.33,78.96,277.82,1.0
2414.0,2.59,18.28,80.8,276.8,1.0
2414.5,2.69,13.42,83.82,277.5,1.0
2415.0,2.77,9.39,88.06,276.97,1.0
2415.5,2.83,6.27,91.78,274.23,1.0
2416.0,2.86,4.63,91.34,273.61,1.0
2416.5,2.87,4.27,86.38,281.6,1.0
2417.0,2.88,3.91,77.5,303.78,1.0
2417.5,2.91,2.32,65.4,343.26,1.0
2418.0,2.96,-0.41,49.89,397.89,1.0
2418.5,3.0,-2.52,33.21,458.46,1.0
2419.0,2.99,-2.28,19.72,509.9,1.0
2419.5,2.95,0.05,12.22,543.22,1.0
2420.0,2.9,2.64,9.74,559.37,1.0
2431.5,2.93,0.93,9.15,739.74,1.0
2432.0,2.96,-0.3,9.2,738.54,1.0
2469.5,1.91,53.53,68.05,238.82,1.0
2470.0,1.93,52.38,68.33,244.33,1.0
2470.5,1.94,51.57,68.25,257.65,1.0
2471.0,1.96,50.77,68.44,273.5,1.0
2471.5,1.97,50.23,69.57,286.8,1.0
2472.0,1.96,50.94,71.99,296.79,1.0
2472.5,1.92,52.82,74.1,304.98,1.0
2473.0,1.9,53.85,74.27,311.58,1.0
2473.5,1.94,52.06,72.26,318.17,1.0
2474.0,2.03,47.24,69.56,325.39,1.0
2474.5,2.15,40.93,67.5,333.16,1.0
2475.0,2.27,35.11,66.26,339.19,1.0
2475.5,2.35,31.08,65.55,344.23,1.0
2476.0,2.4,28.22,64.93,349.1,1.0
2476.5,2.45,25.69,64.2,353.41,1.0
2477.0,2.5,23.04,63.48,353.2,1.0
2477.5,2.55,20.49,62.51,345.43,1.0
2478.0,2.58,18.81,60.92,334.0,1.0
2478.5,2.6,18.1,57.43,331.72,1.0
2479.0,2.61,17.27,50.89,354.17,1.0
2479.5,2.65,15.62,41.88,406.31,1.0
2889.5,2.31,32.86,19.81,471.9,0.0
2890.0,2.4,28.16,18.95,443.4,0.0
2890.5,2.53,21.87,18.22,422.8,0.0
2891.0,2.63,16.44,17.3,407.12,0.0
2891.5,2.68,14.15,16.09,398.56,0.0
2892.0,2.65,15.49,14.98,397.95,0.0
2892.5,2.58,19.05,14.45,401.01,0.0
2893.0,2.51,22.42,14.99,401.45,0.0
2893.5,2.49,23.64,16.4,399.39,0.0
2894.0,2.51,22.57,17.46,401.91,0.0
2894.5,2.56,20.16,17.32,415.22,0.0
2895.0,2.6,17.74,15.81,437.81,0.0
2895.5,2.62,16.73,14.61,464.31,0.0
2896.0,2.59,18.33,14.59,488.8,0.0
2896.5,2.51,22.46,15.87,504.23,0.0
2897.0,2.43,26.57,17.08,503.91,0.0
2897.5,2.41,27.9,17.69,487.27,0.0
2898.0,2.45,25.43,17.76,464.67,0.0
2898.5,2.57,19.47,17.3,449.22,0.0
2899.0,2.72,11.94,16.39,448.47,0.0
2899.5,2.84,5.96,15.35,463.36,0.0
2900.0,2.89,3.33,14.82,490.36,0.0
2900.5,2.89,2.94,14.73,520.66,0.0
2901.0,2.89,3.25,14.55,539.68,0.0
2901.5,2.88,3.47,14.09,540.14,0.0
2902.0,2.89,3.22,13.84,534.45,0.0
2902.5,2.9,2.56,13.82,546.06,0.0
2903.0,2.91,2.34,14.06,584.52,0.0
2903.5,2.89,3.4,14.08,633.69,0.0
2904.0,2.84,5.65,13.98,669.99,0.0
2904.5,2.8,7.75,13.57,684.64,0.0
2905.0,2.79,8.36,13.08,686.32,0.0
2905.5,2.81,7.29,12.96,689.96,0.0
2906.0,2.84,5.63,13.33,705.46,0.0
2906.5,2.87,4.43,13.83,734.51,0.0
2907.0,2.87,4.16,14.06,765.17,0.0
2907.5,2.86,4.96,14.12,775.68,0.0
2908.0,2.81,7.15,14.51,750.39,0.0
2908.5,2.75,10.33,15.27,695.65,0.0
2909.0,2.71,12.57,15.86,637.16,0.0
2909.5,2.71,12.25,15.86,597.34,0.0
2910.0,2.77,9.27,15.27,579.56,0.0
2910.5,2.85,5.14,14.6,572.53,0.0
2911.0,2.92,1.44,14.06,564.1,0.0
2911.5,2.98,-1.37,13.7,550.31,0.0
2912.0,3.02,-3.77,13.56,534.47,0.0
2912.5,3.08,-6.5,13.55,522.48,0.0
2913.0,3.13,-9.24,13.57,518.18,0.0
2913.5,3.18,-11.75,13.45,522.01,0.0
2914.0,3.21,-13.1,13.26,536.81,0.0
2914.5,3.2,-12.77,13.24,566.91,0.0
2915.0,3.16,-10.6,13.62,616.65,0.0
2915.5,3.09,-7.22,14.19,683.14,0.0
2916.0,3.04,-4.46,14.6,762.93,0.0
2916.5,3.01,-3.22,14.61,850.8,0.0
2917.0,3.03,-3.8,14.64,940.53,0.0
2917.5,3.05,-5.23,15.17,1020.16,0.0
2918.0,3.08,-6.67,16.41,1076.28,0.0
2918.5,3.09,-7.49,17.55,1102.58,0.0
2919.0,3.09,-7.15,17.49,1098.88,0.0
2919.5,3.06,-5.73,15.76,1074.83,0.0
2920.0,3.02,-3.76,14.03,1043.37,0.0
2920.5,3.0,-2.44,13.9,1017.78,0.0
2921.0,2.99,-2.39,15.51,1003.17,0.0
2921.5,3.02,-3.49,17.14,994.92,0.0
2922.0,3.04,-4.49,17.56,989.43,0.0
2922.5,3.03,-4.28,17.15,985.21,0.0
2923.0,3.01,-2.91,16.52,982.57,0.0
2923.5,2.99,-1.86,15.82,980.7,0.0
2924.0,2.99,-1.74,14.67,975.94,0.0
2924.5,2.97,-0.66,13.09,964.72,0.0
2925.0,2.88,3.61,11.61,945.06,0.0
2925.5,2.75,10.23,10.72,923.8,0.0
2926.0,2.65,15.55,10.67,914.55,0.0
2926.5,2.61,17.65,11.49,922.04,0.0
2927.0,2.62,17.07,12.91,938.15,0.0
2927.5,2.64,15.6,14.54,948.83,0.0
2928.0,2.66,15.1,15.81,948.68,0.0
2928.5,2.64,15.84,16.7,938.25,0.0
2929.0,2.62,17.02,17.24,912.88,0.0
2929.5,2.6,18.11,17.45,856.43,0.0
2930.0,2.59,18.62,17.07,761.25,0.0
2930.5,2.6,17.66,16.2,645.85,0.0
2931.0,2.66,14.78,15.57,551.99,0.0
2931.5,2.74,10.56,15.55,507.82,0.0
2932.0,2.82,6.74,15.91,505.72,0.0
2932.5,2.86,4.51,16.09,516.76,0.0
2933.0,2.88,3.68,16.15,518.36,0.0
2933.5,2.88,3.46,16.53,504.98,0.0
2934.0,2.87,3.83,16.94,483.83,0.0
2934.5,2.83,5.89,16.77,467.79,0.0
2935.0,2.76,9.63,15.85,468.5,0.0
2935.5,2.68,13.55,14.81,486.58,0.0
2936.0,2.64,15.79,13.92,513.42,0.0
2936.5,2.64,15.96,13.03,539.32,0.0
2937.0,2.66,14.97,12.02,562.12,0.0
2937.5,2.68,13.76,11.13,580.6,0.0
2938.0,2.7,12.77,10.76,590.73,0.0
2938.5,2.72,11.99,10.72,585.22,0.0
2939.0,2.72,11.74,10.99,561.62,0.0
2939.5,2.72,11.94,11.58,528.06,0.0
2940.0,2.73,11.51,12.71,498.19,0.0
2941.5,2.85,5.04,13.31,483.12,0.0
2942.0,2.91,2.2,12.19,488.43,0.0
2942.5,2.97,-0.77,11.11,494.58,0.0
2943.0,3.0,-2.64,10.42,502.28,0.0
2943.5,3.0,-2.44,10.1,508.58,0.0
2944.0,2.97,-0.87,10.46,511.96,0.0
2944.5,2.92,1.42,11.6,517.48,0.0
2945.0,2.87,4.39,13.04,531.23,0.0
2945.5,2.8,7.76,14.02,553.02,0.0
2946.0,2.76,9.86,13.96,578.09,0.0
2946.5,2.76,9.87,13.39,604.07,0.0
2947.0,2.79,8.35,13.02,632.19,0.0
2947.5,2.82,6.78,13.08,664.85,0.0
2948.0,2.83,6.03,12.97,702.01,0.0
2948.5,2.84,5.79,12.79,739.43,0.0
2949.0,2.83,5.98,12.8,767.63,0.0
2949.5,2.81,7.34,13.45,771.11,0.0
2950.0,2.74,10.62,14.16,743.11,0.0
2950.5,2.66,14.67,14.54,700.13,0.0
2951.0,2.61,17.51,14.19,677.67,0.0
2951.5,2.6,18.21,13.75,697.91,0.0
2952.0,2.61,17.31,13.62,741.65,0.0
2952.5,2.64,15.98,13.97,770.8,0.0
2953.0,2.66,14.85,13.9,764.51,0.0
2953.5,2.68,13.76,13.15,733.33,0.0
2954.0,2.71,12.28,12.09,694.65,0.0
2954.5,2.75,9.99,11.78,651.37,0.0
2955.0,2.81,7.05,12.65,601.2,0.0
2955.5,2.87,4.12,14.22,549.85,0.0
2956.0,2.92,1.8,15.53,511.82,0.0
2956.5,2.95,-0.04,15.79,494.34,0.0
2957.0,2.99,-1.92,15.12,491.54,0.0
2957.5,3.02,-3.84,14.11,493.53,0.0
2958.0,3.06,-5.45,13.35,495.33,0.0
2958.5,3.08,-6.54,12.97,496.85,0.0
2959.0,3.09,-6.93,12.67,500.17,0.0
2959.5,3.08,-6.54,11.96,507.01,0.0
2960.0,3.06,-5.69,10.66,520.7,0.0
2960.5,3.04,-4.54,9.12,543.21,0.0
2961.0,3.01,-3.15,8.17,572.78,0.0
2961.5,2.98,-1.44,8.29,605.23,0.0
2962.0,2.93,1.09,9.24,634.93,0.0
2962.5,2.85,5.34,10.4,660.85,0.0
2963.0,2.72,11.99,11.28,684.66,0.0
2963.5,2.58,18.93,11.9,709.82,0.0
2964.0,2.5,23.25,12.22,735.94,0.0
2964.5,2.49,23.63,12.01,756.3,0.0
2965.0,2.54,20.88,11.38,762.77,0.0
2965.5,2.62,17.08,10.71,752.62,0.0
2966.0,2.68,13.95,10.62,730.67,0.0
2966.5,2.72,11.79,11.15,704.32,0.0
2967.0,2.75,10.02,12.03,677.22,0.0
2967.5,2.79,8.43,12.94,646.64,0.0
2968.0,2.81,7.17,13.74,606.77,0.0
2968.5,2.83,6.06,14.55,558.06,0.0
2969.0,2.85,5.03,15.26,512.73,0.0
2969.5,2.87,4.02,15.8,486.32,0.0
2970.0,2.9,2.5,16.04,483.32,0.0
2970.5,2.94,0.35,16.14,494.91,0.0
2971.0,2.98,-1.7,15.73,511.29,0.0
2971.5,3.0,-2.38,14.93,530.08,0.0
2972.0,2.99,-2.0,13.91,553.71,0.0
2972.5,2.98,-1.37,13.63,579.85,0.0
2973.0,2.97,-0.93,13.98,604.3,0.0
2973.5,2.95,0.11,14.67,626.2,0.0
2974.0,2.9,2.43,14.99,649.46,0.0
2974.5,2.84,5.69,14.85,676.76,0.0
2975.0,2.78,8.95,14.18,705.88,0.0
2975.5,2.73,11.25,13.22,731.69,0.0
2976.0,2.71,12.49,11.82,746.32,0.0
2976.5,2.69,13.18,10.17,743.07,0.0
2977.0,2.69,13.54,8.65,724.92,0.0
2977.5,2.68,13.67,7.83,700.85,0.0
2978.0,2.69,13.37,7.94,677.55,0.0
2978.5,2.7,12.92,8.66,647.88,0.0
2979.0,2.7,12.75,9.8,606.63,0.0
2979.5,2.7,13.1,11.09,560.01,0.0
2980.0,2.68,13.6,12.31,523.59,0.0
2980.5,2.69,13.6,13.18,505.66,0.0
2981.0,2.7,12.94,13.73,498.93,0.0
2981.5,2.72,11.88,13.99,494.24,0.0
2982.0,2.74,10.89,13.87,489.26,0.0
2982.5,2.76,9.96,13.08,488.73,0.0
2983.5,2.79,8.24,10.73,502.67,0.0
2984.0,2.8,7.42,10.1,512.28,0.0
2984.5,2.81,6.99,10.02,522.43,0.0
2985.0,2.81,7.39,10.36,532.67,0.0
2985.5,2.78,8.7,10.87,541.21,0.0
2986.0,2.75,10.37,10.97,546.01,0.0
2986.5,2.72,11.6,10.69,547.34,0.0
2987.0,2.72,11.59,10.32,546.77,0.0
2987.5,2.75,9.99,10.65,545.21,0.0
2988.0,2.8,7.72,11.4,545.74,0.0
2988.5,2.83,5.88,11.85,552.7,0.0
2989.0,2.85,5.0,11.4,567.94,0.0
2989.5,2.86,4.42,10.35,584.41,0.0
2990.0,2.87,4.01,9.83,594.44,0.0
2990.5,2.87,3.85,10.1,598.38,0.0
2991.0,2.88,3.76,10.8,602.14,0.0
2991.5,2.89,3.06,11.07,607.4,0.0
2992.0,2.92,1.8,10.99,613.44,0.0
2992.5,2.94,0.47,10.99,617.72,0.0
2993.0,2.96,-0.23,11.32,621.07,0.0
2993.5,2.95,-0.22,11.46,623.28,0.0
2994.0,2.95,0.06,10.99,626.19,0.0
2994.5,2.96,-0.33,10.09,631.75,0.0
2995.0,2.99,-2.0,9.71,638.34,0.0
2995.5,3.04,-4.53,9.92,644.33,0.0
2996.0,3.08,-6.62,10.31,651.65,0.0
2996.5,3.09,-7.39,10.09,665.04,0.0
2997.0,3.08,-6.89,9.53,686.19,0.0
2997.5,3.05,-5.36,9.04,712.81,0.0
2998.0,3.0,-2.6,9.16,743.89,0.0
2998.5,2.93,1.06,10.21,781.22,0.0
2999.0,2.86,4.65,12.05,826.76,0.0
2999.5,2.81,7.24,14.5,881.92,0.0
3000.0,2.78,8.53,16.71,944.63,0.0
3000.5,2.78,8.72,18.02,1000.57,0.0
3001.0,2.8,7.92,17.83,1027.66,0.0
3001.5,2.82,6.79,16.32,1009.67,0.0
3002.0,2.83,6.0,14.25,951.11,0.0
3002.5,2.83,6.18,12.37,870.05,0.0
3003.0,2.82,6.66,11.01,788.61,0.0
3003.5,2.83,6.17,10.36,727.46,0.0
3004.0,2.86,4.64,10.3,698.58,0.0
3004.5,2.88,3.47,10.57,698.74,0.0
3005.0,2.86,4.79,10.48,711.94,0.0
3005.5,2.79,8.14,9.64,723.52,0.0
3006.0,2.73,11.41,8.26,729.53,0.0
3006.5,2.69,13.43,7.08,729.87,0.0
3007.0,2.67,14.42,6.66,724.82,0.0
3007.5,2.66,14.77,6.85,714.42,0.0
3008.0,2.67,14.29,7.48,704.19,0.0
3008.5,2.7,13.04,8.52,694.51,0.0
3009.0,2.73,11.6,9.99,676.26,0.0
3009.5,2.74,10.59,11.79,638.23,0.0
3010.0,2.77,9.38,13.57,585.36,0.0
3010.5,2.81,7.09,15.07,536.92,0.0
3011.0,2.88,3.78,15.73,508.6,0.0
3011.5,2.93,1.03,15.47,501.01,0.0
3012.0,2.94,0.3,14.49,507.59,0.0
3012.5,2.92,1.57,13.58,523.25,0.0
3013.0,2.87,3.99,12.98,543.69,0.0
3013.5,2.81,7.05,12.45,563.25,0.0
3014.0,2.76,9.96,11.78,578.75,0.0
3014.5,2.72,11.7,11.04,594.17,0.0
3015.0,2.72,11.9,10.73,620.22,0.0
3015.5,2.73,11.55,10.69,668.72,0.0
3016.0,2.71,12.31,11.16,742.93,0.0
3016.5,2.66,14.68,11.89,826.35,0.0
3017.0,2.61,17.55,12.53,884.54,0.0
3017.5,2.57,19.6,12.23,888.13,0.0
3018.0,2.55,20.58,11.02,839.44,0.0
3018.5,2.55,20.74,9.69,770.01,0.0
3019.0,2.56,20.21,9.05,717.55,0.0
3019.5,2.58,18.87,9.05,695.95,0.0
3020.0,2.62,16.8,9.36,692.57,0.0
3020.5,2.67,14.27,9.73,678.26,0.0
3021.0,2.73,11.54,10.41,633.1,0.0
3021.5,2.77,9.26,11.4,564.49,0.0
3022.0,2.8,7.69,12.65,498.61,0.0
3022.5,2.82,6.58,13.3,457.84,0.0
3023.0,2.85,5.17,12.96,443.96,0.0
3023.5,2.88,3.63,12.1,447.52,0.0
3024.0,2.9,2.78,11.97,459.47,0.0
3024.5,2.9,2.66,12.51,474.38,0.0
3025.0,2.9,2.63,12.68,490.76,0.0
3025.5,2.91,1.84,11.64,509.71,0.0
3026.0,2.94,0.4,10.15,533.25,0.0
3026.5,2.98,-1.49,8.97,560.69,0.0
3027.0,3.02,-3.4,8.49,588.45,0.0
3027.5,3.04,-4.54,8.35,615.58,0.0
3028.0,3.03,-4.2,8.51,639.87,0.0
3028.5,2.99,-1.79,8.88,658.29,0.0
3029.0,2.91,2.27,9.45,670.25,0.0
3029.5,2.8,7.87,9.96,684.25,0.0
3030.0,2.66,15.01,10.2,714.82,0.0
3030.5,2.51,22.68,10.08,770.0,0.0
3031.0,2.4,28.14,9.9,844.23,0.0
3031.5,2.37,29.68,9.82,921.19,0.0
3032.0,2.42,27.2,10.0,984.22,0.0
3032.5,2.51,22.4,10.32,1023.16,0.0
3033.0,2.6,17.8,10.84,1030.6,0.0
3033.5,2.66,14.97,11.29,995.44,0.0
3034.0,2.69,13.01,11.84,909.99,0.0
3034.5,2.75,10.52,13.05,783.43,0.0
3035.0,2.8,7.71,15.27,645.25,0.0
3035.5,2.84,5.37,17.66,532.16,0.0
3036.0,2.88,3.88,18.75,468.09,0.0
3036.5,2.89,3.14,17.95,454.32,0.0
3037.0,2.89,3.0,15.94,470.8,0.0
3037.5,2.88,3.43,13.7,496.12,0.0
3038.0,2.86,4.83,11.89,522.51,0.0
3038.5,2.8,7.62,10.8,556.05,0.0
3039.0,2.72,11.89,10.51,602.21,0.0
3039.5,2.63,16.4,10.83,659.38,0.0
3040.0,2.55,20.24,11.34,719.1,0.0
3040.5,2.51,22.55,11.64,768.24,0.0
3041.0,2.49,23.47,11.69,791.11,0.0
3041.5,2.5,23.02,11.62,777.26,0.0
3042.0,2.53,21.57,11.6,729.94,0.0
3042.5,2.57,19.41,11.8,662.15,0.0
3043.0,2.62,17.09,12.24,590.85,0.0
3043.5,2.66,14.92,12.88,530.09,0.0
3044.0,2.7,13.02,13.18,486.82,0.0
3044.5,2.73,11.21,12.92,459.72,0.0
3045.0,2.76,9.49,12.19,442.41,0.0
3045.5,2.79,7.99,11.45,433.06,0.0
3046.0,2.81,7.04,11.06,433.47,0.0
3046.5,2.81,6.99,10.88,443.86,0.0
3047.0,2.79,8.08,10.79,459.9,0.0
3049.5,2.77,9.14,10.37,556.31,0.0
3050.0,2.82,6.79,10.39,589.83,0.0
3050.5,2.88,3.71,10.22,623.83,0.0
3051.0,2.94,0.36,9.9,649.3,0.0
3051.5,2.99,-2.0,9.74,661.14,0.0
3052.0,3.0,-2.48,9.84,662.19,0.0
3052.5,2.98,-1.45,10.22,659.55,0.0
3053.0,2.96,-0.29,10.55,654.84,0.0
3053.5,2.94,0.58,11.1,649.5,0.0
3054.0,2.93,1.13,11.86,650.48,0.0
3054.5,2.92,1.52,12.33,666.73,0.0
3055.0,2.92,1.49,12.09,698.31,0.0
3055.5,2.93,1.18,11.32,732.33,0.0
3056.0,2.93,1.13,10.81,755.45,0.0
3056.5,2.91,2.24,10.77,761.22,0.0
3057.0,2.84,5.52,10.82,753.06,0.0
3057.5,2.73,11.28,10.6,741.22,0.0
3058.0,2.6,17.83,9.96,731.88,0.0
3058.5,2.51,22.44,8.92,727.37,0.0
3059.0,2.48,24.01,7.9,724.96,0.0
3059.5,2.5,22.93,7.39,726.5,0.0
3060.0,2.55,20.82,7.4,734.27,0.0
3060.5,2.57,19.39,7.63,747.2,0.0
3061.0,2.57,19.4,7.94,759.25,0.0
3061.5,2.55,20.39,8.85,757.39,0.0
3062.0,2.53,21.29,10.43,726.64,0.0
3062.5,2.53,21.23,12.34,661.95,0.0
3063.0,2.56,19.75,13.63,582.39,0.0
3063.5,2.61,17.2,13.81,518.84,0.0
3064.0,2.66,14.63,12.85,487.65,0.0
3064.5,2.7,12.94,11.48,478.9,0.0
3065.0,2.71,12.08,10.29,475.96,0.0
3065.5,2.72,11.52,9.66,472.83,0.0
3066.0,2.74,10.86,9.76,470.95,0.0
3066.5,2.76,9.98,10.58,469.89,0.0
3067.0,2.77,9.32,11.78,467.34,0.0
3067.5,2.77,9.52,12.41,465.54,0.0
3068.0,2.75,10.5,12.06,467.75,0.0
3068.5,2.73,11.05,10.96,473.38,0.0
3069.0,2.75,10.1,9.87,479.52,0.0
3069.5,2.79,8.12,9.26,487.27,0.0
3070.0,2.83,6.37,9.13,499.6,0.0
3070.5,2.85,5.16,9.28,517.49,0.0
3071.0,2.88,3.77,9.4,536.79,0.0
3071.5,2.91,1.87,9.38,555.34,0.0
3072.0,2.95,0.21,9.41,571.95,0.0
3072.5,2.95,0.01,9.67,586.36,0.0
3073.0,2.93,1.02,10.05,597.66,0.0
3073.5,2.91,2.07,10.12,608.04,0.0
3074.0,2.92,1.82,9.48,623.78,0.0
3074.5,2.95,0.28,8.69,648.13,0.0
3075.0,2.99,-1.76,8.39,682.86,0.0
3075.5,3.01,-2.98,9.2,729.51,0.0
3076.0,3.01,-2.82,10.65,791.9,0.0
3076.5,2.98,-1.21,12.15,861.89,0.0
3077.0,2.92,1.35,13.16,913.82,0.0
3077.5,2.86,4.87,13.65,922.42,0.0
3078.0,2.77,9.27,13.34,885.32,0.0
3078.5,2.68,14.1,12.05,823.42,0.0
3079.0,2.59,18.26,9.86,762.1,0.0
3079.5,2.54,20.69,7.82,715.02,0.0
3080.0,2.54,20.77,6.9,686.61,0.0
3080.5,2.59,18.67,7.34,672.06,0.0
3081.0,2.65,15.6,8.26,662.64,0.0
3081.5,2.69,13.39,8.94,649.31,0.0
3082.0,2.7,13.07,9.41,627.17,0.0
3082.5,2.67,14.04,10.31,593.83,0.0
3083.0,2.65,15.33,11.39,549.1,0.0
3083.5,2.63,16.53,12.22,499.28,0.0
3084.0,2.61,17.28,12.13,456.84,0.0
3084.5,2.61,17.13,11.48,432.72,0.0
3085.0,2.63,16.34,10.39,430.48,0.0
3085.5,2.64,15.85,9.36,448.61,0.0
3086.0,2.63,16.44,8.57,480.49,0.0
3086.5,2.61,17.73,8.23,513.31,0.0
3087.0,2.59,18.6,8.28,529.26,0.0
3087.5,2.6,18.24,8.57,522.71,0.0
3088.0,2.63,16.47,8.86,502.34,0.0
3088.5,2.68,14.06,9.04,482.21,0.0
3089.0,2.71,12.06,9.06,469.03,0.0
3089.5,2.73,11.48,9.39,461.39,0.0
3090.0,2.72,11.95,9.97,460.16,0.0
3090.5,2.71,12.36,10.62,466.33,0.0
3091.0,2.72,11.85,10.86,478.46,0.0
3091.5,2.74,10.91,10.87,491.18,0.0
3092.0,2.74,10.6,11.1,500.65,0.0
3092.5,2.73,11.21,11.52,509.06,0.0
3093.0,2.72,11.98,11.97,520.22,0.0
3093.5,2.71,12.21,12.07,534.73,0.0
3094.0,2.72,11.87,12.08,548.63,0.0
3094.5,2.73,11.51,12.17,557.14,0.0
3095.0,2.73,11.31,12.46,560.34,0.0
3095.5,2.73,11.49,12.62,562.85,0.0
3096.0,2.72,11.64,12.14,569.17,0.0
3096.5,2.72,11.64,10.92,577.23,0.0
3097.0,2.73,11.28,9.78,582.4,0.0
3097.5,2.73,11.1,9.27,584.4,0.0
3098.0,2.73,11.44,9.49,586.24,0.0
3098.5,2.72,12.08,9.6,589.51,0.0
3099.0,2.71,12.25,9.34,594.84,0.0
3099.5,2.72,11.57,8.99,605.06,0.0
3100.0,2.75,10.38,8.82,621.4,0.0
3100.5,2.77,9.1,8.88,637.4,0.0
3101.0,2.8,7.68,8.67,647.07,0.0
3101.5,2.84,5.42,8.23,650.48,0.0
3102.0,2.9,2.24,7.89,653.01,0.0
3102.5,2.97,-1.29,8.05,656.12,0.0
3103.0,3.03,-4.0,8.7,658.7,0.0
3103.5,3.06,-5.8,9.32,661.33,0.0
3104.0,3.08,-7.0,9.68,666.98,0.0
3104.5,3.11,-8.12,9.75,680.97,0.0
3105.0,3.11,-8.3,10.02,708.05,0.0
3105.5,3.1,-7.78,10.79,754.52,0.0
3106.0,3.09,-7.24,11.79,817.9,0.0
3106.5,3.09,-7.09,12.23,883.12,0.0
3107.0,3.08,-6.73,11.66,928.91,0.0
3107.5,3.06,-5.52,10.68,950.47,0.0
3108.0,3.03,-3.88,10.52,959.5,0.0
3108.5,2.99,-1.98,11.45,964.01,0.0
3109.0,2.94,0.38,12.76,958.69,0.0
3109.5,2.89,2.95,13.42,942.36,0.0
3110.0,2.86,4.92,13.62,924.85,0.0
3110.5,2.84,5.55,13.74,909.96,0.0
3111.0,2.86,4.53,13.96,887.56,0.0
3111.5,2.91,2.3,13.62,850.95,0.0
3112.0,2.96,-0.58,12.46,809.05,0.0
3112.5,3.01,-2.98,10.7,773.49,0.0
3113.0,3.03,-3.96,9.33,747.78,0.0
3113.5,3.0,-2.85,9.22,731.1,0.0
3114.0,2.95,0.14,9.91,723.75,0.0
3114.5,2.88,3.94,10.28,728.07,0.0
3115.0,2.82,6.69,9.6,741.79,0.0
3115.5,2.81,7.18,8.63,760.78,0.0
3116.0,2.84,5.45,8.14,777.74,0.0
3116.5,2.89,3.14,8.15,788.56,0.0
3117.0,2.91,1.88,8.04,793.61,0.0
3117.5,2.9,2.31,7.83,794.89,0.0
3118.0,2.87,3.84,7.66,789.64,0.0
3118.5,2.82,6.72,7.78,773.42,0.0
3119.0,2.73,11.58,7.93,747.93,0.0
3119.5,2.62,17.18,8.11,722.75,0.0
3120.0,2.54,21.0,8.33,707.15,0.0
3120.5,2.54,21.26,8.79,703.33,0.0
3121.0,2.59,18.17,9.38,707.73,0.0
3121.5,2.7,12.94,10.35,714.95,0.0
3122.0,2.79,8.17,11.6,718.04,0.0
3122.5,2.84,5.81,12.99,707.46,0.0
3123.0,2.84,5.65,13.94,676.11,0.0
3123.5,2.83,5.82,14.43,626.1,0.0
3124.0,2.85,5.07,14.54,572.14,0.0
3124.5,2.89,3.03,14.48,531.26,0.0
3125.0,2.94,0.61,13.95,513.09,0.0
3125.5,2.98,-1.45,12.84,514.15,0.0
3126.0,3.01,-2.93,11.26,525.58,0.0
3126.5,3.03,-4.09,9.8,538.59,0.0
3127.0,3.04,-4.38,8.95,551.23,0.0
3127.5,3.01,-3.21,8.83,563.93,0.0
3128.0,2.98,-1.44,9.08,575.52,0.0
3128.5,2.95,-0.08,9.55,582.32,0.0
3129.0,2.93,0.9,10.06,582.94,0.0
3129.5,2.91,2.25,10.31,583.76,0.0
3130.0,2.87,3.8,9.81,590.75,0.0
3130.5,2.86,4.58,8.54,605.23,0.0
3131.0,2.87,4.13,7.22,620.3,0.0
3131.5,2.89,3.17,6.49,630.48,0.0
3132.0,2.9,2.49,6.47,634.33,0.0
3132.5,2.91,2.08,6.81,634.47,0.0
3133.0,2.92,1.46,7.16,635.02,0.0
3133.5,2.95,0.2,7.58,634.6,0.0
3134.0,2.98,-1.45,7.94,630.89,0.0
3134.5,3.01,-3.08,8.07,624.16,0.0
3135.0,3.02,-3.7,7.71,623.36,0.0
3135.5,3.01,-3.18,7.39,640.34,0.0
3136.0,3.0,-2.48,7.66,677.22,0.0
3136.5,2.99,-2.25,8.68,728.01,0.0
3137.0,2.99,-2.21,9.95,783.17,0.0
3137.5,2.97,-1.13,10.72,839.31,0.0
3138.0,2.94,0.25,10.98,896.41,0.0
3139.5,2.99,-2.06,11.41,1021.58,0.0
3140.0,3.01,-2.8,11.21,1040.94,0.0
3140.5,3.0,-2.39,10.62,1050.73,0.0
3141.0,2.97,-1.28,10.23,1045.59,0.0
3141.5,2.95,0.13,10.3,1024.85,0.0
3142.0,2.92,1.42,10.64,993.58,0.0
3142.5,2.91,1.68,11.13,960.23,0.0
3143.0,2.94,0.64,11.74,928.23,0.0
3143.5,2.98,-1.33,12.25,896.38,0.0
3144.0,3.01,-3.03,12.41,859.02,0.0
3144.5,3.02,-3.51,11.94,812.79,0.0
3145.0,2.98,-1.71,11.1,762.85,0.0
3145.5,2.89,2.84,10.07,721.82,0.0
3146.0,2.77,8.95,9.0,696.73,0.0
3146.5,2.67,14.28,8.26,685.01,0.0
3147.0,2.61,17.2,7.83,680.36,0.0
3147.5,2.61,17.61,7.9,676.56,0.0
3148.0,2.62,16.7,8.09,669.57,0.0
3148.5,2.65,15.59,8.39,658.99,0.0
3149.0,2.66,14.73,8.79,648.44,0.0
3149.5,2.67,14.1,9.43,640.33,0.0
3150.0,2.67,14.23,10.3,627.53,0.0
3150.5,2.65,15.28,11.39,602.77,0.0
3151.0,2.63,16.36,12.62,566.14,0.0
3151.5,2.63,16.47,13.44,529.57,0.0
3152.0,2.65,15.64,13.26,505.04,0.0
3152.5,2.67,14.59,12.23,499.15,0.0
3153.0,2.69,13.41,11.23,509.14,0.0
3153.5,2.72,11.88,10.58,525.58,0.0
3154.0,2.76,10.02,10.3,537.14,0.0
3154.5,2.79,8.12,10.18,537.07,0.0
3155.0,2.83,6.44,10.71,527.48,0.0
3155.5,2.86,4.71,11.32,518.29,0.0
3156.0,2.89,3.13,11.71,517.65,0.0
3156.5,2.92,1.62,11.5,526.62,0.0
3157.0,2.95,0.12,11.34,535.58,0.0
3157.5,2.98,-1.68,11.58,538.08,0.0
3158.0,3.03,-3.7,12.13,538.41,0.0
3158.5,3.06,-5.47,12.45,547.19,0.0
3159.0,3.08,-6.5,12.26,568.0,0.0
3159.5,3.08,-6.61,11.68,594.94,0.0
3160.0,3.07,-6.09,11.28,619.2,0.0
3160.5,3.06,-5.64,11.14,638.94,0.0
3393.0,2.96,-0.83,10.51,548.13,2.0
3705.0,2.63,16.6,27.4,464.97,2.0
3705.5,2.66,14.95,29.49,464.05,2.0
3706.0,2.67,14.43,31.95,460.77,2.0
3788.0,2.25,35.73,53.32,547.91,4.0
3788.5,2.25,35.99,51.85,544.63,4.0
3789.0,2.25,35.89,51.86,544.72,4.0
3789.5,2.26,35.56,53.42,546.04,4.0
3790.0,2.26,35.67,55.62,549.19,4.0
3790.5,2.23,37.11,57.49,553.99,4.0
3791.0,2.18,39.4,58.3,558.64,4.0
3791.5,2.15,41.06,58.72,559.31,4.0
3792.0,2.15,41.26,60.35,558.71,4.0
3792.5,2.16,40.56,63.96,561.71,4.0
3793.0,2.16,40.32,68.41,570.25,4.0
3793.5,2.14,41.13,71.86,580.24,4.0
3794.0,2.12,42.49,73.68,585.47,4.0
3794.5,2.1,43.37,75.4,581.14,4.0
3795.0,2.1,43.47,79.72,567.47,4.0
3795.5,2.11,42.94,87.62,553.2,4.0
3796.0,2.12,42.47,96.93,551.04,4.0
4240.5,0.001,0.001,190.91,857.83,6.0
4241.0,0.001,0.001,192.79,853.65,6.0
4241.5,0.001,0.001,188.96,792.67,6.0
4242.0,0.001,0.001,180.95,711.01,6.0
4242.5,0.001,0.001,171.78,639.01,6.0
4243.0,0.001,0.001,164.05,590.18,6.0
4243.5,0.001,0.001,157.77,562.27,6.0
4244.0,0.001,0.001,152.71,545.25,6.0
4244.5,0.001,0.001,148.95,529.69,6.0
4245.0,0.001,0.001,147.48,515.45,6.0
4245.5,0.001,0.001,147.4,507.53,6.0
4246.0,0.001,0.001,147.34,509.3,6.0
4246.5,0.001,0.001,146.47,513.02,6.0
4247.0,0.001,0.001,146.31,507.58,6.0
4247.5,0.001,0.001,149.5,502.27,6.0
4248.0,0.001,0.001,158.94,533.4,6.0
4248.5,0.001,0.001,173.36,631.2,6.0
4249.0,0.001,0.001,188.01,775.95,6.0
4249.5,0.001,0.001,198.0,911.16,6.0
4250.0,0.001,0.001,203.34,998.51,6.0
4250.5,0.001,0.001,207.14,1042.38,6.0
4251.0,0.001,0.001,209.05,1065.17,6.0
4251.5,0.001,0.001,208.22,1077.38,6.0
4252.0,0.001,0.001,204.49,1077.7,6.0
4252.5,0.001,0.001,201.21,1066.04,6.0
4253.0,0.001,0.001,199.88,1045.27,6.0
4253.5,0.001,0.001,199.52,1018.48,6.0
4254.0,0.001,0.001,197.68,980.8,6.0
4254.5,0.001,0.001,193.29,928.08,6.0
4255.0,0.001,0.001,187.07,862.13,6.0
4255.5,0.001,0.001,181.45,796.07,6.0
4256.0,0.001,0.001,176.01,739.54,6.0
4256.5,0.001,0.001,170.52,695.47,6.0
4681.0,0.001,0.001,165.21,1063.7,5.0
4681.5,0.001,0.001,166.41,1086.58,5.0
4682.0,0.001,0.001,168.43,1114.73,5.0
4682.5,0.001,0.001,170.55,1138.15,5.0
4683.0,0.001,0.001,171.52,1153.35,5.0
4683.5,0.001,0.001,170.91,1165.8,5.0
4684.0,0.001,0.001,170.6,1173.81,5.0
4684.5,0.001,0.001,172.27,1173.02,5.0
4685.0,0.001,0.001,175.62,1158.41,5.0
4685.5,0.001,0.001,177.7,1129.13,5.0
4686.0,0.001,0.001,176.24,1094.23,5.0
4686.5,0.001,0.001,172.77,1067.3,5.0
4687.0,0.001,0.001,170.38,1063.14,5.0
4687.5,0.001,0.001,171.15,1082.26,5.0
4688.0,0.001,0.001,173.48,1113.11,5.0
4688.5,0.001,0.001,175.49,1141.11,5.0
4689.0,0.001,0.001,175.17,1156.72,5.0
4689.5,0.001,0.001,171.8,1155.08,5.0
4690.0,0.001,0.001,166.2,1133.77,5.0
4690.5,0.001,0.001,162.23,1104.87,5.0
4691.0,0.001,0.001,162.65,1087.87,5.0
4691.5,0.001,0.001,166.55,1097.62,5.0
4692.0,0.001,0.001,170.7,1124.62,5.0
4692.5,0.001,0.001,173.26,1149.36,5.0
4693.0,0.001,0.001,175.0,1160.12,5.0
4693.5,0.001,0.001,175.26,1157.66,5.0
4694.0,0.001,0.001,173.27,1147.91,5.0
4694.5,0.001,0.001,169.9,1136.41,5.0
4695.0,0.001,0.001,167.35,1131.42,5.0
4695.5,0.001,0.001,166.87,1136.44,5.0
4696.0,0.001,0.001,166.87,1144.93,5.0
4696.5,0.001,0.001,165.57,1147.86,5.0
4697.0,0.001,0.001,163.55,1145.05,5.0
4697.5,0.001,0.001,162.13,1143.22,5.0
4698.0,0.001,0.001,162.97,1144.09,5.0
4698.5,0.001,0.001,165.62,1138.39,5.0
4699.0,0.001,0.001,168.84,1120.58,5.0
4699.5,0.001,0.001,170.94,1096.0,5.0
4700.0,0.001,0.001,171.47,1078.66,5.0
4700.5,0.001,0.001,170.52,1078.16,5.0
4701.0,0.001,0.001,169.58,1093.26,5.0
4701.5,0.001,0.001,168.96,1115.83,5.0
4702.0,0.001,0.001,169.91,1134.56,5.0
4702.5,0.001,0.001,172.64,1140.55,5.0
4703.0,0.001,0.001,176.33,1132.8,5.0
4703.5,0.001,0.001,178.95,1115.47,5.0
4704.0,0.001,0.001,178.84,1097.35,5.0
4704.5,0.001,0.001,177.25,1085.32,5.0
4705.0,0.001,0.001,175.56,1082.57,5.0
4705.5,0.001,0.001,173.93,1085.57,5.0
4706.0,0.001,0.001,171.5,1083.33,5.0
4706.5,0.001,0.001,169.22,1070.04,5.0
4707.0,0.001,0.001,168.01,1049.92,5.0
4707.5,0.001,0.001,168.14,1035.17,5.0
4708.0,0.001,0.001,169.39,1033.34,5.0
4708.5,0.001,0.001,171.45,1039.9,5.0
4709.0,0.001,0.001,173.32,1047.65,5.0
4709.5,0.001,0.001,172.49,1052.43,5.0
4710.0,0.001,0.001,169.12,1062.94,5.0
4710.5,0.001,0.001,166.08,1085.38,5.0
4711.0,0.001,0.001,166.62,1121.0,5.0
4711.5,0.001,0.001,170.52,1157.89,5.0
4712.0,0.001,0.001,174.37,1186.39,5.0
4712.5,0.001,0.001,176.4,1204.09,5.0
4713.0,0.001,0.001,176.75,1214.64,5.0
4713.5,0.001,0.001,177.02,1222.91,5.0
4714.0,0.001,0.001,177.65,1227.53,5.0
4714.5,0.001,0.001,178.27,1225.39,5.0
4715.0,0.001,0.001,178.18,1216.94,5.0
4715.5,0.001,0.001,176.19,1206.96,5.0
4716.0,0.001,0.001,172.74,1199.46,5.0
4716.5,0.001,0.001,169.56,1188.59,5.0
4717.0,0.001,0.001,167.92,1172.97,5.0
4717.5,0.001,0.001,168.82,1159.86,5.0
4718.0,0.001,0.001,171.89,1160.44,5.0
4718.5,0.001,0.001,176.57,1168.82,5.0
4719.0,0.001,0.001,180.25,1171.02,5.0
4719.5,0.001,0.001,181.13,1158.58,5.0
4720.0,0.001,0.001,179.92,1137.68,5.0
4720.5,0.001,0.001,177.81,1115.16,5.0
4721.0,0.001,0.001,175.64,1093.04,5.0
4721.5,0.001,0.001,172.83,1071.54,5.0
4722.0,0.001,0.001,170.57,1054.57,5.0
4722.5,0.001,0.001,169.43,1046.54,5.0
4723.0,0.001,0.001,169.35,1046.44,5.0
4723.5,0.001,0.001,169.06,1049.04,5.0
4724.0,0.001,0.001,167.86,1047.76,5.0
4724.5,0.001,0.001,166.28,1039.81,5.0
4725.0,0.001,0.001,164.64,1027.57,5.0
4725.5,0.001,0.001,162.61,1017.44,5.0
4726.0,0.001,0.001,159.31,1015.73,5.0
4726.5,0.001,0.001,155.72,1020.06,5.0
4727.0,0.001,0.001,153.26,1023.42,5.0
4727.5,0.001,0.001,153.52,1020.54,5.0
4728.0,0.001,0.001,156.34,1011.91,5.0
4728.5,0.001,0.001,161.22,1001.65,5.0
4729.0,0.001,0.001,165.96,993.45,5.0
4729.5,0.001,0.001,167.36,993.8,5.0
4730.0,0.001,0.001,164.82,1003.34,5.0
4730.5,0.001,0.001,161.2,1013.01,5.0
4731.0,0.001,0.001,159.72,1010.06,5.0
4731.5,0.001,0.001,160.13,992.97,5.0
4732.0,0.001,0.001,160.28,974.52,5.0
4732.5,0.001,0.001,160.46,962.82,5.0
4733.0,0.001,0.001,161.14,951.63,5.0
4733.5,0.001,0.001,161.31,926.96,5.0
4734.0,0.001,0.001,159.29,889.04,5.0
4734.5,0.001,0.001,155.89,856.44,5.0
4735.0,0.001,0.001,154.36,852.59,5.0
4735.5,0.001,0.001,155.44,877.62,5.0
4736.0,0.001,0.001,158.16,906.57,5.0
4736.5,0.001,0.001,159.97,908.04,5.0
4737.0,0.001,0.001,160.18,872.87,5.0
4737.5,0.001,0.001,158.48,816.95,5.0
4738.0,0.001,0.001,155.72,765.09,5.0
4738.5,0.001,0.001,152.83,735.99,5.0
4739.0,0.001,0.001,151.03,730.62,5.0
4741.5,0.001,0.001,156.95,812.03,5.0
4742.0,0.001,0.001,154.65,807.98,5.0
4743.5,0.001,0.001,157.28,833.2,5.0
4744.0,0.001,0.001,159.42,861.89,5.0
4744.5,0.001,0.001,161.04,879.95,5.0
4745.0,0.001,0.001,163.23,883.82,5.0
4746.5,0.001,0.001,172.18,889.78,5.0
4747.0,0.001,0.001,175.01,899.85,5.0
4747.5,0.001,0.001,176.93,899.26,5.0
4748.0,0.001,0.001,177.25,883.6,5.0
4748.5,0.001,0.001,175.41,863.55,5.0
4749.5,0.001,0.001,169.55,868.34,5.0
4750.0,0.001,0.001,168.12,885.23,5.0
4750.5,0.001,0.001,167.46,889.71,5.0
4751.0,0.001,0.001,167.83,879.66,5.0
4751.5,0.001,0.001,168.81,868.74,5.0
4752.0,0.001,0.001,170.19,868.9,5.0
4752.5,0.001,0.001,170.9,879.11,5.0
4753.0,0.001,0.001,171.39,891.55,5.0
4753.5,0.001,0.001,171.83,901.0,5.0
4754.0,0.001,0.001,171.69,908.73,5.0
4754.5,0.001,0.001,170.79,914.48,5.0
4755.0,0.001,0.001,170.31,919.41,5.0
4755.5,0.001,0.001,171.78,925.81,5.0
4756.0,0.001,0.001,174.65,936.16,5.0
4756.5,0.001,0.001,177.76,948.59,5.0
4757.0,0.001,0.001,179.91,956.05,5.0
4757.5,0.001,0.001,180.72,956.09,5.0
4758.0,0.001,0.001,179.67,953.13,5.0
4758.5,0.001,0.001,177.22,953.99,5.0
4759.0,0.001,0.001,174.03,958.9,5.0
4759.5,0.001,0.001,171.07,959.83,5.0
4760.0,0.001,0.001,168.53,950.02,5.0
4760.5,0.001,0.001,166.61,930.32,5.0
4761.0,0.001,0.001,165.52,908.74,5.0
4761.5,0.001,0.001,165.54,892.48,5.0
4762.0,0.001,0.001,166.6,884.38,5.0
4762.5,0.001,0.001,167.61,882.72,5.0
4763.0,0.001,0.001,167.32,885.5,5.0
4764.5,0.001,0.001,165.01,899.49,5.0
4765.0,0.001,0.001,164.6,894.67,5.0
4765.5,0.001,0.001,162.15,888.13,5.0
4766.0,0.001,0.001,158.58,889.68,5.0
4766.5,0.001,0.001,157.4,903.38,5.0
4767.0,0.001,0.001,160.12,922.94,5.0
4767.5,0.001,0.001,165.38,939.64,5.0
4768.0,0.001,0.001,170.7,945.32,5.0
4768.5,0.001,0.001,172.83,937.64,5.0
4769.0,0.001,0.001,172.32,920.7,5.0
4769.5,0.001,0.001,168.97,901.22,5.0
4770.0,0.001,0.001,165.76,884.23,5.0
4770.5,0.001,0.001,163.17,865.2,5.0
4771.0,0.001,0.001,162.08,841.33,5.0
4771.5,0.001,0.001,162.37,822.62,5.0
4772.0,0.001,0.001,164.17,823.54,5.0
4772.5,0.001,0.001,166.56,845.59,5.0
4773.0,0.001,0.001,167.77,870.05,5.0
4773.5,0.001,0.001,166.45,883.52,5.0
4774.0,0.001,0.001,164.1,889.75,5.0
4774.5,0.001,0.001,163.03,898.49,5.0
4775.0,0.001,0.001,164.68,912.21,5.0
4775.5,0.001,0.001,168.46,925.52,5.0
4776.0,0.001,0.001,172.3,939.95,5.0
4776.5,0.001,0.001,175.66,961.22,5.0
4777.0,0.001,0.001,178.33,993.31,5.0
4777.5,0.001,0.001,180.45,1027.99,5.0
4778.0,0.001,0.001,180.9,1052.46,5.0
4778.5,0.001,0.001,179.5,1057.77,5.0
4779.0,0.001,0.001,177.67,1048.45,5.0
4779.5,0.001,0.001,176.4,1033.6,5.0
4780.0,0.001,0.001,175.89,1021.74,5.0
4780.5,0.001,0.001,175.08,1016.09,5.0
4781.0,0.001,0.001,173.87,1016.62,5.0
4781.5,0.001,0.001,171.68,1018.5,5.0
4782.0,0.001,0.001,169.82,1015.87,5.0
4782.5,0.001,0.001,169.25,1009.21,5.0
4783.0,0.001,0.001,170.86,1006.51,5.0
4783.5,0.001,0.001,172.54,1015.15,5.0
